2025-09-01 04:39:20,"HUMBLE Helmet Chin Mount with Mobile Holder, Motorcycle Helmet Strap Compatible with GoPro Hero 9 8 7 6 5 4 3+ 3 SJCAM and Mobile Phones.",349,https://www.amazon.in/HUMBLE-Helmet-Motorcycle-Compatible-Phones/dp/B0C81351VB/?_encoding=UTF8&pd_rd_w=vYGcW&content-id=amzn1.sym.fa294cf3-99e4-435e-8284-16ec3b3e2443%3Aamzn1.symc.752cde0b-d2ce-4cce-9121-769ea438869e&pf_rd_p=fa294cf3-99e4-435e-8284-16ec3b3e2443&pf_rd_r=N7162BP6H5ANJ11R8GCX&pd_rd_wg=1KOxd&pd_rd_r=015a69b3-b467-4610-b01f-1f7b435c9c3d&ref_=pd_hp_d_atf_ci_mcx_mr_ca_hp_atf_d&th=1
2025-09-01 04:40:23,"HUMBLE Helmet Chin Mount with Mobile Holder, Motorcycle Helmet Strap Compatible with GoPro Hero 9 8 7 6 5 4 3+ 3 SJCAM and Mobile Phones.",349,https://www.amazon.in/HUMBLE-Helmet-Motorcycle-Compatible-Phones/dp/B0C81351VB/?_encoding=UTF8&pd_rd_w=vYGcW&content-id=amzn1.sym.fa294cf3-99e4-435e-8284-16ec3b3e2443%3Aamzn1.symc.752cde0b-d2ce-4cce-9121-769ea438869e&pf_rd_p=fa294cf3-99e4-435e-8284-16ec3b3e2443&pf_rd_r=N7162BP6H5ANJ11R8GCX&pd_rd_wg=1KOxd&pd_rd_r=015a69b3-b467-4610-b01f-1f7b435c9c3d&ref_=pd_hp_d_atf_ci_mcx_mr_ca_hp_atf_d&th=1
2025-09-01 04:41:00,"HUMBLE Helmet Chin Mount with Mobile Holder, Motorcycle Helmet Strap Compatible with GoPro Hero 9 8 7 6 5 4 3+ 3 SJCAM and Mobile Phones.",349,https://www.amazon.in/HUMBLE-Helmet-Motorcycle-Compatible-Phones/dp/B0C81351VB/?_encoding=UTF8&pd_rd_w=vYGcW&content-id=amzn1.sym.fa294cf3-99e4-435e-8284-16ec3b3e2443%3Aamzn1.symc.752cde0b-d2ce-4cce-9121-769ea438869e&pf_rd_p=fa294cf3-99e4-435e-8284-16ec3b3e2443&pf_rd_r=N7162BP6H5ANJ11R8GCX&pd_rd_wg=1KOxd&pd_rd_r=015a69b3-b467-4610-b01f-1f7b435c9c3d&ref_=pd_hp_d_atf_ci_mcx_mr_ca_hp_atf_d&th=1
2025-09-01 05:00:40,"HUMBLE Helmet Chin Mount with Mobile Holder, Motorcycle Helmet Strap Compatible with GoPro Hero 9 8 7 6 5 4 3+ 3 SJCAM and Mobile Phones.",349,https://www.amazon.in/HUMBLE-Helmet-Motorcycle-Compatible-Phones/dp/B0C81351VB/?_encoding=UTF8&pd_rd_w=vYGcW&content-id=amzn1.sym.fa294cf3-99e4-435e-8284-16ec3b3e2443%3Aamzn1.symc.752cde0b-d2ce-4cce-9121-769ea438869e&pf_rd_p=fa294cf3-99e4-435e-8284-16ec3b3e2443&pf_rd_r=N7162BP6H5ANJ11R8GCX&pd_rd_wg=1KOxd&pd_rd_r=015a69b3-b467-4610-b01f-1f7b435c9c3d&ref_=pd_hp_d_atf_ci_mcx_mr_ca_hp_atf_d&th=1
2025-09-01 05:34:33,"HUMBLE Helmet Chin Mount with Mobile Holder, Motorcycle Helmet Strap Compatible with GoPro Hero 9 8 7 6 5 4 3+ 3 SJCAM and Mobile Phones.",349,https://www.amazon.in/HUMBLE-Helmet-Motorcycle-Compatible-Phones/dp/B0C81351VB/?_encoding=UTF8&pd_rd_w=vYGcW&content-id=amzn1.sym.fa294cf3-99e4-435e-8284-16ec3b3e2443%3Aamzn1.symc.752cde0b-d2ce-4cce-9121-769ea438869e&pf_rd_p=fa294cf3-99e4-435e-8284-16ec3b3e2443&pf_rd_r=N7162BP6H5ANJ11R8GCX&pd_rd_wg=1KOxd&pd_rd_r=015a69b3-b467-4610-b01f-1f7b435c9c3d&ref_=pd_hp_d_atf_ci_mcx_mr_ca_hp_atf_d&th=1
2025-09-01 05:36:00,"HUMBLE Helmet Chin Mount with Mobile Holder, Motorcycle Helmet Strap Compatible with GoPro Hero 9 8 7 6 5 4 3+ 3 SJCAM and Mobile Phones.",349,https://www.amazon.in/HUMBLE-Helmet-Motorcycle-Compatible-Phones/dp/B0C81351VB/?_encoding=UTF8&pd_rd_w=vYGcW&content-id=amzn1.sym.fa294cf3-99e4-435e-8284-16ec3b3e2443%3Aamzn1.symc.752cde0b-d2ce-4cce-9121-769ea438869e&pf_rd_p=fa294cf3-99e4-435e-8284-16ec3b3e2443&pf_rd_r=N7162BP6H5ANJ11R8GCX&pd_rd_wg=1KOxd&pd_rd_r=015a69b3-b467-4610-b01f-1f7b435c9c3d&ref_=pd_hp_d_atf_ci_mcx_mr_ca_hp_atf_d&th=1
2025-09-01 05:39:16,"HUMBLE Helmet Chin Mount with Mobile Holder, Motorcycle Helmet Strap Compatible with GoPro Hero 9 8 7 6 5 4 3+ 3 SJCAM and Mobile Phones.",349,https://www.amazon.in/HUMBLE-Helmet-Motorcycle-Compatible-Phones/dp/B0C81351VB/?_encoding=UTF8&pd_rd_w=vYGcW&content-id=amzn1.sym.fa294cf3-99e4-435e-8284-16ec3b3e2443%3Aamzn1.symc.752cde0b-d2ce-4cce-9121-769ea438869e&pf_rd_p=fa294cf3-99e4-435e-8284-16ec3b3e2443&pf_rd_r=N7162BP6H5ANJ11R8GCX&pd_rd_wg=1KOxd&pd_rd_r=015a69b3-b467-4610-b01f-1f7b435c9c3d&ref_=pd_hp_d_atf_ci_mcx_mr_ca_hp_atf_d&th=1
2025-09-01 05:40:03,"HUMBLE Helmet Chin Mount with Mobile Holder, Motorcycle Helmet Strap Compatible with GoPro Hero 9 8 7 6 5 4 3+ 3 SJCAM and Mobile Phones.",349,https://www.amazon.in/HUMBLE-Helmet-Motorcycle-Compatible-Phones/dp/B0C81351VB/?_encoding=UTF8&pd_rd_w=vYGcW&content-id=amzn1.sym.fa294cf3-99e4-435e-8284-16ec3b3e2443%3Aamzn1.symc.752cde0b-d2ce-4cce-9121-769ea438869e&pf_rd_p=fa294cf3-99e4-435e-8284-16ec3b3e2443&pf_rd_r=N7162BP6H5ANJ11R8GCX&pd_rd_wg=1KOxd&pd_rd_r=015a69b3-b467-4610-b01f-1f7b435c9c3d&ref_=pd_hp_d_atf_ci_mcx_mr_ca_hp_atf_d&th=1
2025-09-01 05:41:41,"HUMBLE Helmet Chin Mount with Mobile Holder, Motorcycle Helmet Strap Compatible with GoPro Hero 9 8 7 6 5 4 3+ 3 SJCAM and Mobile Phones.",349,https://www.amazon.in/HUMBLE-Helmet-Motorcycle-Compatible-Phones/dp/B0C81351VB/?_encoding=UTF8&pd_rd_w=vYGcW&content-id=amzn1.sym.fa294cf3-99e4-435e-8284-16ec3b3e2443%3Aamzn1.symc.752cde0b-d2ce-4cce-9121-769ea438869e&pf_rd_p=fa294cf3-99e4-435e-8284-16ec3b3e2443&pf_rd_r=N7162BP6H5ANJ11R8GCX&pd_rd_wg=1KOxd&pd_rd_r=015a69b3-b467-4610-b01f-1f7b435c9c3d&ref_=pd_hp_d_atf_ci_mcx_mr_ca_hp_atf_d&th=1
2025-09-01 05:49:13,"HUMBLE Helmet Chin Mount with Mobile Holder, Motorcycle Helmet Strap Compatible with GoPro Hero 9 8 7 6 5 4 3+ 3 SJCAM and Mobile Phones.",349,https://www.amazon.in/HUMBLE-Helmet-Motorcycle-Compatible-Phones/dp/B0C81351VB/?_encoding=UTF8&pd_rd_w=vYGcW&content-id=amzn1.sym.fa294cf3-99e4-435e-8284-16ec3b3e2443%3Aamzn1.symc.752cde0b-d2ce-4cce-9121-769ea438869e&pf_rd_p=fa294cf3-99e4-435e-8284-16ec3b3e2443&pf_rd_r=N7162BP6H5ANJ11R8GCX&pd_rd_wg=1KOxd&pd_rd_r=015a69b3-b467-4610-b01f-1f7b435c9c3d&ref_=pd_hp_d_atf_ci_mcx_mr_ca_hp_atf_d&th=1
2025-09-01 06:09:32,"HUMBLE Helmet Chin Mount with Mobile Holder, Motorcycle Helmet Strap Compatible with GoPro Hero 9 8 7 6 5 4 3+ 3 SJCAM and Mobile Phones.",349,https://www.amazon.in/HUMBLE-Helmet-Motorcycle-Compatible-Phones/dp/B0C81351VB/?_encoding=UTF8&pd_rd_w=vYGcW&content-id=amzn1.sym.fa294cf3-99e4-435e-8284-16ec3b3e2443%3Aamzn1.symc.752cde0b-d2ce-4cce-9121-769ea438869e&pf_rd_p=fa294cf3-99e4-435e-8284-16ec3b3e2443&pf_rd_r=N7162BP6H5ANJ11R8GCX&pd_rd_wg=1KOxd&pd_rd_r=015a69b3-b467-4610-b01f-1f7b435c9c3d&ref_=pd_hp_d_atf_ci_mcx_mr_ca_hp_atf_d&th=1
2025-09-01 06:10:48,"HUMBLE Helmet Chin Mount with Mobile Holder, Motorcycle Helmet Strap Compatible with GoPro Hero 9 8 7 6 5 4 3+ 3 SJCAM and Mobile Phones.",349,https://www.amazon.in/HUMBLE-Helmet-Motorcycle-Compatible-Phones/dp/B0C81351VB/?_encoding=UTF8&pd_rd_w=vYGcW&content-id=amzn1.sym.fa294cf3-99e4-435e-8284-16ec3b3e2443%3Aamzn1.symc.752cde0b-d2ce-4cce-9121-769ea438869e&pf_rd_p=fa294cf3-99e4-435e-8284-16ec3b3e2443&pf_rd_r=N7162BP6H5ANJ11R8GCX&pd_rd_wg=1KOxd&pd_rd_r=015a69b3-b467-4610-b01f-1f7b435c9c3d&ref_=pd_hp_d_atf_ci_mcx_mr_ca_hp_atf_d&th=1
2025-09-06 01:04:34,Unknown Product,2399,https://www.amazon.in/
2025-09-10 03:53:13,HighFresh Afghani Anjeer-250g pack | dry fruits | Dried Figs Anjir | Dried figs |Rich Source of Fibre Calcium & Iron (),249,https://www.amazon.in/
